,gamma,g
0,2.6799999999999855,-0.4099999999999998
1,3.1399999999999757,-0.45999999999999985
